"customer_id","signup_date","region","acquisition_channel"
1,"2024-08-27 00:00:00",Manchester,Organic
2,"2024-02-12 00:00:00",Birmingham,Instagram
3,"2022-02-18 00:00:00",Leeds,Google Ads
4,"2023-01-04 00:00:00",Birmingham,Instagram
5,"2023-12-02 00:00:00",London,Instagram
6,"2023-09-03 00:00:00",Manchester,Google Ads
7,"2023-05-27 00:00:00",Leeds,Instagram
8,"2024-01-24 00:00:00",Leeds,Referral
9,"2022-07-22 00:00:00",Birmingham,Instagram
10,"2024-04-20 00:00:00",Leeds,Instagram
11,"2023-03-24 00:00:00",Manchester,Instagram
12,"2024-04-09 00:00:00",London,Instagram
13,"2022-08-22 00:00:00",London,Instagram
14,"2022-05-03 00:00:00",Leeds,Google Ads
15,"2022-11-01 00:00:00",Birmingham,Google Ads
16,"2024-05-18 00:00:00",Leeds,Instagram
17,"2024-09-25 00:00:00",Leeds,Referral
18,"2023-08-20 00:00:00",Birmingham,Google Ads
19,"2023-10-23 00:00:00",Birmingham,Referral
20,"2024-06-06 00:00:00",Leeds,Instagram
21,"2023-11-13 00:00:00",Leeds,Organic
22,"2023-05-02 00:00:00",Manchester,Organic
23,"2022-10-02 00:00:00",Birmingham,Referral
24,"2022-02-20 00:00:00",Manchester,Organic
25,"2024-08-10 00:00:00",Manchester,Instagram
26,"2023-04-28 00:00:00",London,Instagram
27,"2023-07-15 00:00:00",London,Google Ads
28,"2023-01-04 00:00:00",Manchester,Referral
29,"2022-09-06 00:00:00",Birmingham,Google Ads
30,"2023-04-21 00:00:00",Leeds,Referral
31,"2024-07-18 00:00:00",Leeds,Instagram
32,"2024-02-20 00:00:00",Leeds,Instagram
33,"2022-08-29 00:00:00",Birmingham,Organic
34,"2022-09-29 00:00:00",Leeds,Organic
35,"2024-05-08 00:00:00",Manchester,Organic
36,"2024-11-18 00:00:00",Birmingham,Referral
37,"2023-04-10 00:00:00",Leeds,Google Ads
38,"2024-05-27 00:00:00",Leeds,Organic
39,"2023-01-20 00:00:00",London,Instagram
40,"2022-08-24 00:00:00",Leeds,Organic
41,"2024-08-11 00:00:00",Manchester,Instagram
42,"2023-01-24 00:00:00",Manchester,Organic
43,"2024-08-30 00:00:00",Leeds,Referral
44,"2024-07-10 00:00:00",Leeds,Referral
45,"2024-02-02 00:00:00",Birmingham,Instagram
46,"2022-05-03 00:00:00",Leeds,Google Ads
47,"2022-06-10 00:00:00",Manchester,Google Ads
48,"2024-12-23 00:00:00",Manchester,Instagram
49,"2023-02-14 00:00:00",Manchester,Google Ads
50,"2022-07-01 00:00:00",Leeds,Google Ads
51,"2023-05-26 00:00:00",London,Referral
52,"2022-05-02 00:00:00",Manchester,Google Ads
53,"2023-08-07 00:00:00",Manchester,Organic
54,"2022-02-03 00:00:00",Birmingham,Instagram
55,"2022-01-09 00:00:00",Leeds,Google Ads
56,"2023-09-08 00:00:00",Leeds,Referral
57,"2024-09-17 00:00:00",London,Google Ads
58,"2024-03-03 00:00:00",London,Organic
59,"2023-10-01 00:00:00",Birmingham,Referral
60,"2023-09-12 00:00:00",London,Referral
61,"2024-12-24 00:00:00",Manchester,Organic
62,"2024-07-24 00:00:00",Leeds,Referral
63,"2022-01-06 00:00:00",Manchester,Organic
64,"2024-01-28 00:00:00",Birmingham,Instagram
65,"2023-10-07 00:00:00",Birmingham,Instagram
66,"2024-12-10 00:00:00",Manchester,Google Ads
67,"2024-04-05 00:00:00",Leeds,Google Ads
68,"2024-05-31 00:00:00",Manchester,Google Ads
69,"2022-11-04 00:00:00",London,Google Ads
70,"2022-01-02 00:00:00",London,Google Ads
71,"2024-01-29 00:00:00",Manchester,Organic
72,"2024-03-10 00:00:00",London,Organic
73,"2023-12-08 00:00:00",Leeds,Organic
74,"2022-12-09 00:00:00",Manchester,Organic
75,"2022-12-12 00:00:00",London,Organic
76,"2023-05-26 00:00:00",Manchester,Instagram
77,"2022-03-09 00:00:00",London,Referral
78,"2023-05-29 00:00:00",London,Organic
79,"2023-08-01 00:00:00",Leeds,Referral
80,"2022-07-27 00:00:00",Leeds,Organic
81,"2022-06-11 00:00:00",London,Instagram
82,"2022-02-19 00:00:00",Birmingham,Referral
83,"2023-06-30 00:00:00",Leeds,Instagram
84,"2022-09-25 00:00:00",Manchester,Google Ads
85,"2022-09-04 00:00:00",Leeds,Referral
86,"2024-01-28 00:00:00",Birmingham,Referral
87,"2024-01-12 00:00:00",Manchester,Organic
88,"2023-02-25 00:00:00",Birmingham,Organic
89,"2023-04-16 00:00:00",Manchester,Instagram
90,"2022-05-06 00:00:00",Leeds,Referral
91,"2022-04-18 00:00:00",Leeds,Instagram
92,"2023-05-13 00:00:00",Birmingham,Instagram
93,"2024-06-11 00:00:00",Manchester,Google Ads
94,"2023-08-30 00:00:00",Birmingham,Google Ads
95,"2024-11-28 00:00:00",London,Instagram
96,"2023-02-13 00:00:00",Birmingham,Instagram
97,"2023-12-07 00:00:00",Birmingham,Google Ads
98,"2022-10-25 00:00:00",Birmingham,Organic
99,"2024-02-09 00:00:00",Birmingham,Organic
100,"2023-02-24 00:00:00",Leeds,Google Ads
101,"2024-10-31 00:00:00",Manchester,Referral
102,"2022-11-26 00:00:00",Birmingham,Organic
103,"2023-08-04 00:00:00",Birmingham,Instagram
104,"2022-05-25 00:00:00",Birmingham,Google Ads
105,"2023-07-01 00:00:00",London,Organic
106,"2024-12-01 00:00:00",Birmingham,Google Ads
107,"2024-10-21 00:00:00",Birmingham,Organic
108,"2023-11-02 00:00:00",London,Instagram
109,"2024-09-01 00:00:00",Leeds,Referral
110,"2024-10-22 00:00:00",Leeds,Referral
111,"2022-12-01 00:00:00",London,Google Ads
112,"2023-12-07 00:00:00",Birmingham,Instagram
113,"2024-11-26 00:00:00",Manchester,Referral
114,"2023-09-23 00:00:00",Birmingham,Instagram
115,"2024-06-07 00:00:00",Leeds,Organic
116,"2022-09-17 00:00:00",Birmingham,Instagram
117,"2023-11-04 00:00:00",London,Referral
118,"2022-07-01 00:00:00",Manchester,Organic
119,"2022-12-22 00:00:00",London,Organic
120,"2023-04-23 00:00:00",Manchester,Organic
121,"2022-10-27 00:00:00",London,Google Ads
122,"2024-07-24 00:00:00",Manchester,Instagram
123,"2024-05-19 00:00:00",London,Organic
124,"2024-06-27 00:00:00",Birmingham,Google Ads
125,"2022-08-15 00:00:00",London,Referral
126,"2022-07-30 00:00:00",Leeds,Referral
127,"2022-11-01 00:00:00",Birmingham,Organic
128,"2024-09-02 00:00:00",Leeds,Google Ads
129,"2022-04-25 00:00:00",London,Organic
130,"2024-06-05 00:00:00",London,Organic
131,"2024-01-13 00:00:00",Manchester,Referral
132,"2022-06-04 00:00:00",Manchester,Google Ads
133,"2022-09-26 00:00:00",Birmingham,Google Ads
134,"2024-04-13 00:00:00",Birmingham,Instagram
135,"2024-04-02 00:00:00",Leeds,Instagram
136,"2022-07-22 00:00:00",Leeds,Google Ads
137,"2022-08-27 00:00:00",Birmingham,Google Ads
138,"2024-09-29 00:00:00",Birmingham,Google Ads
139,"2022-11-02 00:00:00",Birmingham,Organic
140,"2024-03-01 00:00:00",Leeds,Organic
141,"2024-06-26 00:00:00",Leeds,Google Ads
142,"2023-04-29 00:00:00",Manchester,Google Ads
143,"2022-12-21 00:00:00",Birmingham,Instagram
144,"2022-06-17 00:00:00",London,Google Ads
145,"2022-01-01 00:00:00",Leeds,Google Ads
146,"2022-09-08 00:00:00",Leeds,Organic
147,"2023-09-05 00:00:00",Leeds,Referral
148,"2022-10-27 00:00:00",Manchester,Instagram
149,"2023-05-09 00:00:00",Leeds,Google Ads
150,"2024-02-21 00:00:00",Manchester,Referral
151,"2023-08-15 00:00:00",Manchester,Google Ads
152,"2023-05-30 00:00:00",London,Instagram
153,"2022-05-01 00:00:00",Manchester,Referral
154,"2024-10-16 00:00:00",Birmingham,Instagram
155,"2024-03-07 00:00:00",Manchester,Organic
156,"2023-01-01 00:00:00",Birmingham,Organic
157,"2024-05-05 00:00:00",Birmingham,Google Ads
158,"2023-04-20 00:00:00",Birmingham,Organic
159,"2023-08-16 00:00:00",Birmingham,Organic
160,"2023-05-17 00:00:00",Manchester,Referral
161,"2022-03-20 00:00:00",Leeds,Referral
162,"2022-04-22 00:00:00",Leeds,Referral
163,"2023-06-28 00:00:00",Birmingham,Organic
164,"2023-01-08 00:00:00",Manchester,Google Ads
165,"2022-05-31 00:00:00",London,Organic
166,"2022-07-12 00:00:00",Birmingham,Instagram
167,"2022-01-18 00:00:00",London,Organic
168,"2022-07-17 00:00:00",Manchester,Referral
169,"2022-08-03 00:00:00",Manchester,Referral
170,"2024-11-11 00:00:00",Manchester,Organic
171,"2023-08-10 00:00:00",Leeds,Referral
172,"2022-12-28 00:00:00",Leeds,Google Ads
173,"2023-04-07 00:00:00",Manchester,Organic
174,"2024-10-01 00:00:00",London,Referral
175,"2023-05-07 00:00:00",London,Referral
176,"2022-10-23 00:00:00",London,Referral
177,"2023-01-13 00:00:00",London,Instagram
178,"2022-10-16 00:00:00",Birmingham,Organic
179,"2024-07-03 00:00:00",Manchester,Referral
180,"2024-12-22 00:00:00",Leeds,Google Ads
181,"2022-02-26 00:00:00",London,Referral
182,"2023-09-06 00:00:00",Birmingham,Organic
183,"2024-07-11 00:00:00",Leeds,Organic
184,"2024-06-16 00:00:00",Leeds,Organic
185,"2024-05-06 00:00:00",Manchester,Organic
186,"2022-07-23 00:00:00",Manchester,Instagram
187,"2022-04-22 00:00:00",Manchester,Referral
188,"2024-01-31 00:00:00",Birmingham,Organic
189,"2022-08-15 00:00:00",Manchester,Instagram
190,"2023-01-25 00:00:00",London,Instagram
191,"2023-11-28 00:00:00",Leeds,Referral
192,"2022-11-24 00:00:00",Manchester,Referral
193,"2024-09-26 00:00:00",London,Organic
194,"2024-08-31 00:00:00",Manchester,Google Ads
195,"2022-08-09 00:00:00",Manchester,Referral
196,"2024-10-24 00:00:00",Birmingham,Referral
197,"2023-03-17 00:00:00",Manchester,Google Ads
198,"2024-07-25 00:00:00",Birmingham,Google Ads
199,"2023-12-06 00:00:00",London,Instagram
200,"2024-01-24 00:00:00",London,Instagram
201,"2023-09-29 00:00:00",Manchester,Organic
202,"2023-09-29 00:00:00",Leeds,Referral
203,"2024-12-14 00:00:00",London,Google Ads
204,"2024-06-18 00:00:00",London,Instagram
205,"2022-05-02 00:00:00",Manchester,Google Ads
206,"2024-07-13 00:00:00",Manchester,Organic
207,"2022-09-15 00:00:00",Birmingham,Organic
208,"2024-01-14 00:00:00",Manchester,Referral
209,"2022-11-02 00:00:00",Leeds,Instagram
210,"2022-01-31 00:00:00",Birmingham,Referral
211,"2022-10-22 00:00:00",Leeds,Instagram
212,"2022-12-06 00:00:00",Leeds,Google Ads
213,"2023-09-02 00:00:00",London,Organic
214,"2024-03-28 00:00:00",London,Organic
215,"2023-06-15 00:00:00",London,Instagram
216,"2023-07-27 00:00:00",London,Referral
217,"2022-07-05 00:00:00",Leeds,Google Ads
218,"2022-04-06 00:00:00",London,Google Ads
219,"2024-07-11 00:00:00",London,Organic
220,"2024-11-11 00:00:00",Leeds,Google Ads
221,"2022-08-25 00:00:00",Manchester,Instagram
222,"2022-11-11 00:00:00",Leeds,Organic
223,"2024-01-30 00:00:00",Manchester,Organic
224,"2022-02-04 00:00:00",London,Organic
225,"2023-06-16 00:00:00",London,Referral
226,"2023-08-12 00:00:00",Birmingham,Referral
227,"2022-07-17 00:00:00",Birmingham,Google Ads
228,"2022-12-10 00:00:00",Manchester,Instagram
229,"2022-06-11 00:00:00",Leeds,Instagram
230,"2024-11-22 00:00:00",Birmingham,Instagram
231,"2023-04-21 00:00:00",London,Referral
232,"2024-06-05 00:00:00",Birmingham,Google Ads
233,"2023-02-04 00:00:00",Manchester,Referral
234,"2022-12-21 00:00:00",Leeds,Instagram
235,"2023-11-26 00:00:00",Manchester,Google Ads
236,"2022-12-31 00:00:00",London,Google Ads
237,"2023-09-27 00:00:00",London,Google Ads
238,"2022-06-13 00:00:00",Leeds,Referral
239,"2024-01-12 00:00:00",Leeds,Google Ads
240,"2022-01-25 00:00:00",Leeds,Referral
241,"2024-12-23 00:00:00",Manchester,Referral
242,"2023-07-23 00:00:00",Leeds,Instagram
243,"2024-02-14 00:00:00",Leeds,Instagram
244,"2024-01-23 00:00:00",Birmingham,Google Ads
245,"2022-04-16 00:00:00",Manchester,Organic
246,"2023-03-14 00:00:00",Manchester,Google Ads
247,"2024-05-06 00:00:00",London,Instagram
248,"2023-08-17 00:00:00",Leeds,Referral
249,"2024-01-01 00:00:00",London,Google Ads
250,"2024-02-05 00:00:00",Birmingham,Google Ads
251,"2024-02-03 00:00:00",Manchester,Instagram
252,"2022-05-31 00:00:00",London,Organic
253,"2022-09-11 00:00:00",Leeds,Google Ads
254,"2023-10-10 00:00:00",London,Referral
255,"2023-06-28 00:00:00",Leeds,Organic
256,"2024-06-02 00:00:00",London,Instagram
257,"2024-02-22 00:00:00",London,Instagram
258,"2024-07-30 00:00:00",Birmingham,Organic
259,"2024-10-09 00:00:00",Leeds,Referral
260,"2022-08-17 00:00:00",Birmingham,Organic
261,"2023-04-18 00:00:00",Manchester,Referral
262,"2023-04-19 00:00:00",Leeds,Instagram
263,"2022-03-22 00:00:00",Leeds,Instagram
264,"2023-12-09 00:00:00",Birmingham,Instagram
265,"2022-02-18 00:00:00",London,Organic
266,"2024-01-18 00:00:00",Manchester,Instagram
267,"2024-08-13 00:00:00",London,Instagram
268,"2024-02-04 00:00:00",Leeds,Google Ads
269,"2023-05-05 00:00:00",Manchester,Google Ads
270,"2023-08-28 00:00:00",Birmingham,Google Ads
271,"2022-10-16 00:00:00",Birmingham,Google Ads
272,"2022-06-27 00:00:00",London,Instagram
273,"2023-08-08 00:00:00",Leeds,Instagram
274,"2022-03-16 00:00:00",London,Google Ads
275,"2023-06-28 00:00:00",London,Google Ads
276,"2023-02-18 00:00:00",Birmingham,Organic
277,"2023-06-23 00:00:00",Manchester,Google Ads
278,"2022-01-12 00:00:00",London,Organic
279,"2024-05-28 00:00:00",Birmingham,Referral
280,"2024-07-14 00:00:00",London,Instagram
281,"2022-03-01 00:00:00",Leeds,Instagram
282,"2023-12-05 00:00:00",Leeds,Organic
283,"2022-12-26 00:00:00",Manchester,Referral
284,"2023-05-05 00:00:00",Leeds,Google Ads
285,"2023-07-14 00:00:00",Birmingham,Referral
286,"2024-03-29 00:00:00",Birmingham,Organic
287,"2022-05-24 00:00:00",Birmingham,Referral
288,"2024-01-04 00:00:00",Leeds,Referral
289,"2023-02-07 00:00:00",Manchester,Instagram
290,"2023-06-02 00:00:00",Leeds,Instagram
291,"2023-12-24 00:00:00",London,Referral
292,"2022-12-06 00:00:00",Birmingham,Google Ads
293,"2024-06-04 00:00:00",Manchester,Organic
294,"2022-01-08 00:00:00",London,Google Ads
295,"2024-01-28 00:00:00",Manchester,Instagram
296,"2022-08-25 00:00:00",London,Referral
297,"2023-04-20 00:00:00",Leeds,Organic
298,"2023-06-29 00:00:00",London,Instagram
299,"2022-07-12 00:00:00",Manchester,Organic
300,"2022-10-17 00:00:00",London,Organic
301,"2024-09-07 00:00:00",Leeds,Instagram
302,"2022-08-01 00:00:00",London,Referral
303,"2023-01-03 00:00:00",London,Organic
304,"2023-12-21 00:00:00",Birmingham,Instagram
305,"2023-03-26 00:00:00",Birmingham,Organic
306,"2024-07-07 00:00:00",London,Organic
307,"2023-07-14 00:00:00",Manchester,Google Ads
308,"2024-11-14 00:00:00",Birmingham,Referral
309,"2024-04-16 00:00:00",Manchester,Referral
310,"2023-09-12 00:00:00",Manchester,Instagram
311,"2024-07-15 00:00:00",London,Instagram
312,"2022-06-29 00:00:00",London,Instagram
313,"2022-03-06 00:00:00",Manchester,Organic
314,"2023-10-09 00:00:00",Birmingham,Referral
315,"2023-12-04 00:00:00",Leeds,Organic
316,"2022-05-22 00:00:00",London,Google Ads
317,"2023-09-27 00:00:00",Birmingham,Referral
318,"2023-12-20 00:00:00",Leeds,Instagram
319,"2023-06-12 00:00:00",Birmingham,Instagram
320,"2023-07-18 00:00:00",Birmingham,Referral
321,"2023-11-15 00:00:00",London,Organic
322,"2022-12-28 00:00:00",Leeds,Referral
323,"2023-07-08 00:00:00",Leeds,Referral
324,"2023-07-12 00:00:00",Leeds,Instagram
325,"2023-08-10 00:00:00",Leeds,Referral
326,"2022-01-16 00:00:00",Birmingham,Instagram
327,"2023-10-02 00:00:00",Birmingham,Referral
328,"2024-08-27 00:00:00",Leeds,Organic
329,"2022-04-26 00:00:00",Leeds,Referral
330,"2022-02-10 00:00:00",Birmingham,Organic
331,"2022-09-09 00:00:00",Birmingham,Instagram
332,"2024-03-03 00:00:00",London,Instagram
333,"2024-01-02 00:00:00",London,Organic
334,"2023-07-15 00:00:00",Manchester,Referral
335,"2024-11-11 00:00:00",Manchester,Referral
336,"2023-09-13 00:00:00",Birmingham,Referral
337,"2022-02-28 00:00:00",London,Organic
338,"2024-02-13 00:00:00",Manchester,Google Ads
339,"2023-05-05 00:00:00",Leeds,Instagram
340,"2022-08-10 00:00:00",Leeds,Instagram
341,"2024-02-18 00:00:00",Birmingham,Referral
342,"2024-06-19 00:00:00",London,Instagram
343,"2022-04-09 00:00:00",London,Referral
344,"2024-03-04 00:00:00",Birmingham,Organic
345,"2022-09-20 00:00:00",Leeds,Instagram
346,"2024-10-14 00:00:00",Manchester,Referral
347,"2022-06-08 00:00:00",Manchester,Referral
348,"2022-05-22 00:00:00",Leeds,Referral
349,"2024-01-12 00:00:00",Birmingham,Referral
350,"2022-11-28 00:00:00",London,Instagram
351,"2022-10-31 00:00:00",Manchester,Referral
352,"2022-10-30 00:00:00",Birmingham,Referral
353,"2024-08-25 00:00:00",Leeds,Google Ads
354,"2022-08-10 00:00:00",Leeds,Google Ads
355,"2022-11-23 00:00:00",Birmingham,Google Ads
356,"2022-10-09 00:00:00",Birmingham,Instagram
357,"2023-05-12 00:00:00",Birmingham,Referral
358,"2022-08-18 00:00:00",Manchester,Instagram
359,"2023-08-24 00:00:00",London,Organic
360,"2024-04-30 00:00:00",Leeds,Organic
361,"2023-06-28 00:00:00",London,Referral
362,"2024-11-19 00:00:00",Manchester,Organic
363,"2022-03-11 00:00:00",Manchester,Instagram
364,"2024-03-25 00:00:00",London,Google Ads
365,"2024-07-18 00:00:00",Leeds,Organic
366,"2022-06-27 00:00:00",Manchester,Organic
367,"2024-11-24 00:00:00",Birmingham,Google Ads
368,"2024-07-29 00:00:00",Leeds,Instagram
369,"2023-09-05 00:00:00",London,Organic
370,"2024-10-07 00:00:00",Manchester,Organic
371,"2023-09-22 00:00:00",London,Organic
372,"2023-11-19 00:00:00",Birmingham,Google Ads
373,"2022-02-23 00:00:00",Manchester,Referral
374,"2023-01-08 00:00:00",Leeds,Google Ads
375,"2022-04-02 00:00:00",Manchester,Referral
376,"2024-10-29 00:00:00",Manchester,Instagram
377,"2024-03-31 00:00:00",Leeds,Referral
378,"2023-05-05 00:00:00",London,Instagram
379,"2024-02-17 00:00:00",London,Referral
380,"2024-11-21 00:00:00",Leeds,Google Ads
381,"2023-05-26 00:00:00",Manchester,Instagram
382,"2024-11-10 00:00:00",Leeds,Referral
383,"2024-12-16 00:00:00",Birmingham,Instagram
384,"2023-09-07 00:00:00",London,Referral
385,"2024-07-22 00:00:00",Manchester,Referral
386,"2023-11-05 00:00:00",Manchester,Google Ads
387,"2022-12-20 00:00:00",Birmingham,Organic
388,"2024-10-14 00:00:00",London,Instagram
389,"2024-06-24 00:00:00",Birmingham,Instagram
390,"2023-02-19 00:00:00",Manchester,Referral
391,"2024-10-15 00:00:00",Leeds,Google Ads
392,"2023-10-02 00:00:00",Birmingham,Instagram
393,"2024-05-03 00:00:00",Leeds,Instagram
394,"2022-10-27 00:00:00",Birmingham,Organic
395,"2024-03-16 00:00:00",London,Google Ads
396,"2024-09-30 00:00:00",London,Instagram
397,"2022-04-28 00:00:00",Birmingham,Referral
398,"2022-03-28 00:00:00",Manchester,Organic
399,"2024-08-07 00:00:00",Leeds,Organic
400,"2024-01-04 00:00:00",Leeds,Organic
401,"2023-06-30 00:00:00",Leeds,Referral
402,"2024-07-29 00:00:00",Birmingham,Referral
403,"2023-03-12 00:00:00",London,Referral
404,"2024-02-25 00:00:00",London,Organic
405,"2023-05-11 00:00:00",Manchester,Organic
406,"2023-06-11 00:00:00",Leeds,Google Ads
407,"2024-04-07 00:00:00",London,Organic
408,"2023-12-02 00:00:00",Birmingham,Referral
409,"2024-04-24 00:00:00",Birmingham,Organic
410,"2022-11-27 00:00:00",Leeds,Instagram
411,"2024-05-26 00:00:00",Manchester,Referral
412,"2023-07-08 00:00:00",Leeds,Referral
413,"2023-10-08 00:00:00",London,Instagram
414,"2022-02-05 00:00:00",Leeds,Google Ads
415,"2024-03-07 00:00:00",London,Referral
416,"2024-01-06 00:00:00",Manchester,Referral
417,"2024-02-01 00:00:00",London,Google Ads
418,"2022-02-02 00:00:00",Manchester,Instagram
419,"2024-01-18 00:00:00",Manchester,Organic
420,"2022-10-17 00:00:00",Manchester,Instagram
421,"2022-01-28 00:00:00",Manchester,Referral
422,"2024-12-27 00:00:00",Leeds,Instagram
423,"2023-09-14 00:00:00",Manchester,Google Ads
424,"2022-02-27 00:00:00",Manchester,Referral
425,"2023-04-25 00:00:00",Leeds,Google Ads
426,"2022-12-15 00:00:00",London,Organic
427,"2023-01-29 00:00:00",London,Referral
428,"2022-04-17 00:00:00",Leeds,Google Ads
429,"2022-08-08 00:00:00",Birmingham,Instagram
430,"2023-09-21 00:00:00",Leeds,Google Ads
431,"2024-08-13 00:00:00",Leeds,Referral
432,"2023-06-04 00:00:00",Manchester,Google Ads
433,"2024-07-07 00:00:00",London,Referral
434,"2023-08-02 00:00:00",Leeds,Instagram
435,"2024-01-23 00:00:00",London,Organic
436,"2023-10-14 00:00:00",Leeds,Instagram
437,"2024-02-05 00:00:00",Birmingham,Organic
438,"2024-03-04 00:00:00",Leeds,Google Ads
439,"2022-07-06 00:00:00",Birmingham,Instagram
440,"2024-12-23 00:00:00",Leeds,Instagram
441,"2023-03-01 00:00:00",Birmingham,Instagram
442,"2024-07-20 00:00:00",Leeds,Instagram
443,"2024-02-04 00:00:00",London,Instagram
444,"2023-01-21 00:00:00",London,Referral
445,"2022-07-25 00:00:00",Manchester,Google Ads
446,"2022-07-11 00:00:00",Birmingham,Instagram
447,"2024-08-18 00:00:00",Birmingham,Google Ads
448,"2022-06-04 00:00:00",Birmingham,Organic
449,"2022-06-18 00:00:00",Manchester,Organic
450,"2022-12-08 00:00:00",Leeds,Referral
451,"2023-11-25 00:00:00",Manchester,Instagram
452,"2024-07-03 00:00:00",Birmingham,Referral
453,"2024-04-03 00:00:00",Manchester,Instagram
454,"2022-08-15 00:00:00",London,Google Ads
455,"2022-07-28 00:00:00",Manchester,Instagram
456,"2022-05-13 00:00:00",London,Instagram
457,"2022-03-25 00:00:00",Birmingham,Organic
458,"2022-09-03 00:00:00",Manchester,Instagram
459,"2022-09-27 00:00:00",London,Referral
460,"2023-11-02 00:00:00",London,Referral
461,"2024-01-20 00:00:00",Birmingham,Organic
462,"2023-07-04 00:00:00",London,Google Ads
463,"2022-09-20 00:00:00",Manchester,Referral
464,"2023-03-11 00:00:00",Manchester,Google Ads
465,"2022-10-15 00:00:00",Birmingham,Referral
466,"2023-04-22 00:00:00",Birmingham,Referral
467,"2023-09-23 00:00:00",London,Google Ads
468,"2023-02-02 00:00:00",Leeds,Instagram
469,"2024-09-03 00:00:00",Birmingham,Referral
470,"2022-12-22 00:00:00",London,Organic
471,"2022-05-24 00:00:00",Leeds,Referral
472,"2022-06-25 00:00:00",Manchester,Referral
473,"2024-02-23 00:00:00",Manchester,Instagram
474,"2023-10-19 00:00:00",Manchester,Referral
475,"2022-08-30 00:00:00",Manchester,Instagram
476,"2023-08-27 00:00:00",Birmingham,Instagram
477,"2023-06-09 00:00:00",Manchester,Organic
478,"2024-07-25 00:00:00",Manchester,Referral
479,"2023-02-28 00:00:00",Birmingham,Google Ads
480,"2023-01-17 00:00:00",London,Organic
481,"2022-01-03 00:00:00",Birmingham,Google Ads
482,"2024-07-08 00:00:00",London,Referral
483,"2023-12-28 00:00:00",Manchester,Google Ads
484,"2022-08-14 00:00:00",London,Referral
485,"2023-11-22 00:00:00",Leeds,Google Ads
486,"2024-08-27 00:00:00",Leeds,Referral
487,"2022-12-06 00:00:00",Birmingham,Google Ads
488,"2022-08-24 00:00:00",Manchester,Instagram
489,"2024-06-15 00:00:00",London,Organic
490,"2023-03-22 00:00:00",London,Google Ads
491,"2022-06-20 00:00:00",Leeds,Instagram
492,"2023-08-04 00:00:00",Leeds,Google Ads
493,"2024-11-02 00:00:00",Manchester,Organic
494,"2023-10-17 00:00:00",London,Instagram
495,"2022-12-28 00:00:00",Manchester,Instagram
496,"2022-04-23 00:00:00",Manchester,Instagram
497,"2023-03-18 00:00:00",London,Instagram
498,"2024-05-02 00:00:00",Leeds,Instagram
499,"2022-12-06 00:00:00",Leeds,Instagram
500,"2022-06-10 00:00:00",Manchester,Organic
501,"2023-08-18 00:00:00",Leeds,Referral
502,"2024-06-14 00:00:00",Manchester,Instagram
503,"2024-03-17 00:00:00",Leeds,Organic
504,"2023-02-16 00:00:00",London,Google Ads
505,"2022-02-02 00:00:00",Leeds,Google Ads
506,"2022-06-20 00:00:00",Leeds,Instagram
507,"2024-10-31 00:00:00",Leeds,Instagram
508,"2023-01-22 00:00:00",London,Google Ads
509,"2023-08-24 00:00:00",Leeds,Referral
510,"2022-10-17 00:00:00",London,Instagram
511,"2022-07-05 00:00:00",Birmingham,Google Ads
512,"2022-12-12 00:00:00",London,Organic
513,"2022-06-01 00:00:00",Leeds,Instagram
514,"2022-04-12 00:00:00",Manchester,Organic
515,"2023-05-08 00:00:00",Manchester,Google Ads
516,"2022-04-11 00:00:00",Birmingham,Referral
517,"2023-03-01 00:00:00",Manchester,Google Ads
518,"2023-03-26 00:00:00",Birmingham,Google Ads
519,"2023-04-27 00:00:00",Manchester,Google Ads
520,"2023-11-22 00:00:00",Manchester,Referral
521,"2022-06-04 00:00:00",Leeds,Instagram
522,"2022-05-19 00:00:00",London,Instagram
523,"2022-01-29 00:00:00",Manchester,Organic
524,"2024-08-02 00:00:00",Manchester,Google Ads
525,"2024-01-15 00:00:00",Birmingham,Google Ads
526,"2023-09-21 00:00:00",Leeds,Organic
527,"2024-12-29 00:00:00",Manchester,Referral
528,"2022-09-01 00:00:00",Birmingham,Referral
529,"2023-04-14 00:00:00",Manchester,Instagram
530,"2024-11-01 00:00:00",Manchester,Instagram
531,"2023-05-30 00:00:00",Birmingham,Referral
532,"2023-03-09 00:00:00",Leeds,Google Ads
533,"2024-04-11 00:00:00",Manchester,Organic
534,"2023-04-03 00:00:00",Leeds,Google Ads
535,"2024-05-02 00:00:00",Birmingham,Instagram
536,"2022-09-05 00:00:00",Birmingham,Referral
537,"2022-10-08 00:00:00",Manchester,Referral
538,"2024-09-08 00:00:00",London,Instagram
539,"2022-04-11 00:00:00",Birmingham,Instagram
540,"2023-10-13 00:00:00",Manchester,Organic
541,"2023-04-04 00:00:00",Birmingham,Instagram
542,"2024-07-25 00:00:00",Leeds,Referral
543,"2023-12-18 00:00:00",London,Google Ads
544,"2024-09-02 00:00:00",Manchester,Google Ads
545,"2022-06-07 00:00:00",Leeds,Google Ads
546,"2023-06-06 00:00:00",Leeds,Referral
547,"2022-04-08 00:00:00",Birmingham,Referral
548,"2024-08-30 00:00:00",Birmingham,Instagram
549,"2022-08-28 00:00:00",Leeds,Referral
550,"2023-11-10 00:00:00",Birmingham,Instagram
551,"2022-03-03 00:00:00",Manchester,Organic
552,"2024-07-08 00:00:00",London,Referral
553,"2022-06-28 00:00:00",Leeds,Organic
554,"2022-01-05 00:00:00",Manchester,Referral
555,"2023-11-19 00:00:00",Birmingham,Organic
556,"2023-09-18 00:00:00",Leeds,Organic
557,"2023-10-30 00:00:00",Manchester,Referral
558,"2022-12-06 00:00:00",London,Organic
559,"2024-10-25 00:00:00",Birmingham,Referral
560,"2022-05-19 00:00:00",Leeds,Referral
561,"2022-04-18 00:00:00",Leeds,Referral
562,"2022-10-17 00:00:00",Birmingham,Instagram
563,"2024-02-22 00:00:00",Birmingham,Google Ads
564,"2023-03-21 00:00:00",Leeds,Organic
565,"2024-08-11 00:00:00",Birmingham,Instagram
566,"2022-10-02 00:00:00",Manchester,Referral
567,"2024-03-11 00:00:00",London,Organic
568,"2024-06-14 00:00:00",London,Referral
569,"2023-05-22 00:00:00",Manchester,Google Ads
570,"2024-12-19 00:00:00",Leeds,Organic
571,"2022-10-09 00:00:00",Manchester,Organic
572,"2024-02-27 00:00:00",Manchester,Referral
573,"2022-07-04 00:00:00",Manchester,Referral
574,"2022-03-30 00:00:00",Birmingham,Instagram
575,"2022-11-23 00:00:00",London,Instagram
576,"2022-06-21 00:00:00",London,Referral
577,"2023-08-27 00:00:00",Leeds,Organic
578,"2023-05-18 00:00:00",Leeds,Google Ads
579,"2024-02-25 00:00:00",Birmingham,Google Ads
580,"2024-10-23 00:00:00",Birmingham,Referral
581,"2022-04-16 00:00:00",Birmingham,Referral
582,"2024-01-10 00:00:00",Manchester,Google Ads
583,"2022-12-30 00:00:00",Birmingham,Referral
584,"2023-05-26 00:00:00",Leeds,Organic
585,"2022-12-19 00:00:00",London,Google Ads
586,"2022-08-06 00:00:00",Leeds,Referral
587,"2024-09-14 00:00:00",Birmingham,Google Ads
588,"2022-12-14 00:00:00",Birmingham,Organic
589,"2022-08-14 00:00:00",Leeds,Organic
590,"2023-02-15 00:00:00",Birmingham,Google Ads
591,"2022-06-02 00:00:00",London,Instagram
592,"2023-07-22 00:00:00",Birmingham,Organic
593,"2024-09-07 00:00:00",London,Instagram
594,"2023-02-26 00:00:00",Birmingham,Instagram
595,"2024-12-22 00:00:00",Leeds,Organic
596,"2022-07-10 00:00:00",Manchester,Referral
597,"2022-04-19 00:00:00",London,Google Ads
598,"2024-03-24 00:00:00",Leeds,Organic
599,"2023-12-09 00:00:00",Birmingham,Organic
600,"2022-09-13 00:00:00",Birmingham,Instagram
601,"2023-06-04 00:00:00",Manchester,Organic
602,"2023-05-18 00:00:00",Manchester,Instagram
603,"2023-03-24 00:00:00",Manchester,Google Ads
604,"2022-01-21 00:00:00",Leeds,Instagram
605,"2022-09-18 00:00:00",Manchester,Google Ads
606,"2023-03-27 00:00:00",Leeds,Referral
607,"2023-10-02 00:00:00",Birmingham,Google Ads
608,"2024-04-07 00:00:00",Leeds,Organic
609,"2022-07-28 00:00:00",Manchester,Referral
610,"2023-02-20 00:00:00",Birmingham,Organic
611,"2022-11-05 00:00:00",Leeds,Instagram
612,"2024-06-22 00:00:00",London,Google Ads
613,"2022-07-09 00:00:00",Leeds,Organic
614,"2023-06-16 00:00:00",Manchester,Google Ads
615,"2023-01-30 00:00:00",London,Referral
616,"2024-03-01 00:00:00",Manchester,Instagram
617,"2023-02-19 00:00:00",London,Instagram
618,"2024-05-15 00:00:00",London,Google Ads
619,"2024-03-28 00:00:00",Leeds,Referral
620,"2023-03-22 00:00:00",Manchester,Organic
621,"2024-10-27 00:00:00",Manchester,Organic
622,"2024-01-08 00:00:00",London,Instagram
623,"2022-03-01 00:00:00",London,Google Ads
624,"2024-09-13 00:00:00",Leeds,Google Ads
625,"2023-09-21 00:00:00",London,Google Ads
626,"2022-08-09 00:00:00",London,Google Ads
627,"2024-03-30 00:00:00",Leeds,Referral
628,"2023-01-13 00:00:00",London,Organic
629,"2024-01-06 00:00:00",Manchester,Organic
630,"2022-12-06 00:00:00",Birmingham,Google Ads
631,"2022-07-25 00:00:00",London,Google Ads
632,"2022-05-16 00:00:00",Leeds,Instagram
633,"2022-12-05 00:00:00",London,Referral
634,"2022-01-06 00:00:00",Birmingham,Google Ads
635,"2022-07-27 00:00:00",Manchester,Organic
636,"2022-02-01 00:00:00",Birmingham,Referral
637,"2022-02-18 00:00:00",Leeds,Google Ads
638,"2022-09-19 00:00:00",Manchester,Instagram
639,"2024-06-21 00:00:00",London,Google Ads
640,"2023-08-30 00:00:00",Birmingham,Instagram
641,"2023-11-29 00:00:00",Leeds,Organic
642,"2024-08-17 00:00:00",Manchester,Google Ads
643,"2023-03-24 00:00:00",Birmingham,Google Ads
644,"2024-11-16 00:00:00",London,Instagram
645,"2023-04-14 00:00:00",Leeds,Organic
646,"2024-02-16 00:00:00",Manchester,Organic
647,"2022-02-17 00:00:00",Birmingham,Instagram
648,"2024-12-21 00:00:00",London,Google Ads
649,"2022-07-26 00:00:00",Leeds,Referral
650,"2023-12-15 00:00:00",Birmingham,Organic
651,"2022-06-13 00:00:00",Manchester,Referral
652,"2024-12-12 00:00:00",Birmingham,Instagram
653,"2024-03-11 00:00:00",Manchester,Organic
654,"2023-08-27 00:00:00",Manchester,Referral
655,"2024-03-30 00:00:00",Manchester,Referral
656,"2022-03-25 00:00:00",Manchester,Instagram
657,"2022-09-11 00:00:00",Manchester,Google Ads
658,"2022-07-06 00:00:00",Manchester,Google Ads
659,"2023-12-31 00:00:00",Leeds,Organic
660,"2022-11-26 00:00:00",Manchester,Organic
661,"2022-09-15 00:00:00",Birmingham,Google Ads
662,"2023-07-18 00:00:00",Manchester,Organic
663,"2023-02-22 00:00:00",London,Organic
664,"2023-07-14 00:00:00",Manchester,Referral
665,"2024-06-27 00:00:00",London,Referral
666,"2024-04-03 00:00:00",London,Referral
667,"2024-11-01 00:00:00",Leeds,Google Ads
668,"2022-05-19 00:00:00",Manchester,Organic
669,"2024-08-12 00:00:00",Birmingham,Instagram
670,"2023-11-12 00:00:00",Leeds,Organic
671,"2022-06-13 00:00:00",Birmingham,Organic
672,"2022-09-07 00:00:00",Birmingham,Referral
673,"2023-01-23 00:00:00",Leeds,Referral
674,"2023-04-22 00:00:00",Leeds,Referral
675,"2022-07-07 00:00:00",Leeds,Organic
676,"2023-02-19 00:00:00",London,Referral
677,"2023-09-19 00:00:00",London,Google Ads
678,"2022-12-01 00:00:00",Manchester,Google Ads
679,"2024-06-14 00:00:00",London,Referral
680,"2024-09-03 00:00:00",London,Google Ads
681,"2022-05-20 00:00:00",Birmingham,Organic
682,"2024-04-02 00:00:00",Leeds,Google Ads
683,"2023-11-12 00:00:00",London,Organic
684,"2023-06-21 00:00:00",Manchester,Google Ads
685,"2024-05-22 00:00:00",Birmingham,Instagram
686,"2024-12-09 00:00:00",London,Instagram
687,"2023-07-18 00:00:00",Leeds,Google Ads
688,"2022-06-29 00:00:00",Leeds,Instagram
689,"2023-08-15 00:00:00",Manchester,Google Ads
690,"2023-01-02 00:00:00",London,Referral
691,"2022-06-28 00:00:00",London,Referral
692,"2023-05-27 00:00:00",Birmingham,Organic
693,"2023-01-16 00:00:00",Leeds,Organic
694,"2022-11-17 00:00:00",London,Organic
695,"2024-07-08 00:00:00",Birmingham,Google Ads
696,"2023-03-05 00:00:00",Manchester,Referral
697,"2023-10-15 00:00:00",Leeds,Referral
698,"2024-07-12 00:00:00",Leeds,Organic
699,"2022-01-18 00:00:00",Manchester,Referral
700,"2022-12-16 00:00:00",London,Google Ads
701,"2023-12-30 00:00:00",Manchester,Referral
702,"2023-03-01 00:00:00",Birmingham,Organic
703,"2023-12-25 00:00:00",Birmingham,Google Ads
704,"2024-03-28 00:00:00",Manchester,Organic
705,"2023-08-02 00:00:00",Manchester,Instagram
706,"2024-08-19 00:00:00",London,Organic
707,"2024-11-12 00:00:00",Leeds,Organic
708,"2023-03-06 00:00:00",Birmingham,Referral
709,"2023-05-27 00:00:00",Manchester,Google Ads
710,"2024-08-09 00:00:00",London,Referral
711,"2024-02-16 00:00:00",Birmingham,Instagram
712,"2024-02-07 00:00:00",Leeds,Referral
713,"2022-06-16 00:00:00",Birmingham,Google Ads
714,"2022-09-06 00:00:00",London,Google Ads
715,"2024-04-03 00:00:00",Manchester,Organic
716,"2022-06-11 00:00:00",Birmingham,Referral
717,"2022-05-16 00:00:00",Birmingham,Referral
718,"2024-06-29 00:00:00",Leeds,Google Ads
719,"2024-08-08 00:00:00",Birmingham,Instagram
720,"2023-07-28 00:00:00",London,Google Ads
721,"2022-08-24 00:00:00",Manchester,Instagram
722,"2023-08-13 00:00:00",Manchester,Referral
723,"2023-03-25 00:00:00",Manchester,Instagram
724,"2022-04-19 00:00:00",London,Referral
725,"2023-12-15 00:00:00",London,Organic
726,"2022-05-25 00:00:00",London,Google Ads
727,"2024-04-25 00:00:00",Leeds,Instagram
728,"2024-09-08 00:00:00",London,Organic
729,"2023-03-23 00:00:00",Leeds,Instagram
730,"2022-01-31 00:00:00",Birmingham,Referral
731,"2022-01-12 00:00:00",Birmingham,Instagram
732,"2022-08-22 00:00:00",Manchester,Referral
733,"2022-10-26 00:00:00",Manchester,Referral
734,"2022-09-13 00:00:00",Leeds,Referral
735,"2024-06-01 00:00:00",Leeds,Instagram
736,"2023-10-20 00:00:00",Manchester,Google Ads
737,"2023-05-26 00:00:00",London,Google Ads
738,"2023-08-06 00:00:00",Leeds,Google Ads
739,"2024-05-31 00:00:00",London,Referral
740,"2022-05-22 00:00:00",Manchester,Referral
741,"2023-10-03 00:00:00",Birmingham,Instagram
742,"2022-03-20 00:00:00",Manchester,Referral
743,"2023-08-22 00:00:00",Manchester,Google Ads
744,"2023-03-22 00:00:00",Manchester,Referral
745,"2022-06-08 00:00:00",Manchester,Organic
746,"2023-05-22 00:00:00",Leeds,Instagram
747,"2022-12-05 00:00:00",Leeds,Instagram
748,"2023-11-14 00:00:00",London,Instagram
749,"2022-05-06 00:00:00",Birmingham,Instagram
750,"2023-01-30 00:00:00",Leeds,Organic
751,"2022-05-29 00:00:00",London,Instagram
752,"2023-12-04 00:00:00",Birmingham,Organic
753,"2024-10-13 00:00:00",Leeds,Referral
754,"2024-02-23 00:00:00",London,Referral
755,"2022-06-26 00:00:00",Manchester,Instagram
756,"2022-03-29 00:00:00",London,Google Ads
757,"2023-12-18 00:00:00",London,Organic
758,"2024-08-15 00:00:00",Leeds,Google Ads
759,"2022-11-14 00:00:00",London,Instagram
760,"2023-05-26 00:00:00",Manchester,Referral
761,"2023-03-08 00:00:00",Leeds,Instagram
762,"2024-03-16 00:00:00",Birmingham,Organic
763,"2022-04-11 00:00:00",Manchester,Organic
764,"2022-07-14 00:00:00",Birmingham,Google Ads
765,"2022-02-09 00:00:00",Leeds,Google Ads
766,"2023-04-25 00:00:00",London,Organic
767,"2023-05-25 00:00:00",Birmingham,Referral
768,"2024-07-31 00:00:00",Manchester,Referral
769,"2022-07-27 00:00:00",Birmingham,Referral
770,"2023-03-05 00:00:00",Birmingham,Google Ads
771,"2022-08-15 00:00:00",Leeds,Referral
772,"2022-03-20 00:00:00",Leeds,Referral
773,"2024-01-23 00:00:00",London,Instagram
774,"2024-01-20 00:00:00",Birmingham,Google Ads
775,"2022-10-18 00:00:00",Manchester,Organic
776,"2022-05-14 00:00:00",Leeds,Referral
777,"2022-02-25 00:00:00",Birmingham,Organic
778,"2022-11-10 00:00:00",Manchester,Google Ads
779,"2024-01-05 00:00:00",London,Organic
780,"2024-05-28 00:00:00",Birmingham,Organic
781,"2023-04-09 00:00:00",Leeds,Instagram
782,"2024-09-12 00:00:00",Leeds,Organic
783,"2023-08-19 00:00:00",Leeds,Organic
784,"2024-11-03 00:00:00",Manchester,Google Ads
785,"2024-02-15 00:00:00",London,Referral
786,"2024-11-07 00:00:00",Leeds,Instagram
787,"2024-05-28 00:00:00",Manchester,Referral
788,"2023-05-19 00:00:00",Manchester,Google Ads
789,"2024-04-08 00:00:00",Leeds,Referral
790,"2024-04-14 00:00:00",Birmingham,Instagram
791,"2023-08-03 00:00:00",Leeds,Referral
792,"2024-02-16 00:00:00",Manchester,Instagram
793,"2024-01-24 00:00:00",London,Referral
794,"2023-10-06 00:00:00",London,Instagram
795,"2022-12-29 00:00:00",Leeds,Google Ads
796,"2022-03-08 00:00:00",Birmingham,Instagram
797,"2022-07-03 00:00:00",Birmingham,Organic
798,"2022-11-28 00:00:00",Birmingham,Referral
799,"2024-11-09 00:00:00",Leeds,Instagram
800,"2024-02-19 00:00:00",Birmingham,Instagram
801,"2022-06-30 00:00:00",Manchester,Google Ads
802,"2022-01-23 00:00:00",Birmingham,Organic
803,"2022-04-13 00:00:00",Leeds,Google Ads
804,"2023-05-17 00:00:00",Leeds,Google Ads
805,"2023-01-13 00:00:00",London,Google Ads
806,"2022-06-09 00:00:00",Leeds,Organic
807,"2022-12-24 00:00:00",Leeds,Organic
808,"2023-05-15 00:00:00",Leeds,Referral
809,"2023-02-17 00:00:00",London,Instagram
810,"2024-02-22 00:00:00",Birmingham,Google Ads
811,"2024-09-12 00:00:00",London,Instagram
812,"2024-10-26 00:00:00",Leeds,Organic
813,"2024-08-03 00:00:00",Birmingham,Instagram
814,"2024-05-15 00:00:00",London,Organic
815,"2022-04-26 00:00:00",Leeds,Referral
816,"2022-07-16 00:00:00",Manchester,Referral
817,"2023-10-01 00:00:00",Leeds,Google Ads
818,"2022-01-03 00:00:00",Leeds,Referral
819,"2024-02-05 00:00:00",Leeds,Organic
820,"2023-12-13 00:00:00",Manchester,Instagram
821,"2023-08-04 00:00:00",London,Referral
822,"2024-02-28 00:00:00",Leeds,Instagram
823,"2022-03-22 00:00:00",Birmingham,Organic
824,"2023-07-24 00:00:00",Manchester,Organic
825,"2023-09-01 00:00:00",Leeds,Instagram
826,"2022-05-04 00:00:00",Birmingham,Google Ads
827,"2024-05-08 00:00:00",Birmingham,Instagram
828,"2023-07-17 00:00:00",Birmingham,Referral
829,"2024-07-16 00:00:00",London,Instagram
830,"2024-08-25 00:00:00",Birmingham,Organic
831,"2024-08-11 00:00:00",Leeds,Referral
832,"2022-08-23 00:00:00",Birmingham,Instagram
833,"2022-11-03 00:00:00",Birmingham,Instagram
834,"2022-01-15 00:00:00",Manchester,Referral
835,"2023-06-14 00:00:00",Leeds,Organic
836,"2023-10-23 00:00:00",Manchester,Organic
837,"2024-09-17 00:00:00",London,Instagram
838,"2024-10-08 00:00:00",Leeds,Organic
839,"2022-12-01 00:00:00",London,Organic
840,"2024-11-04 00:00:00",Birmingham,Organic
841,"2023-03-05 00:00:00",Birmingham,Instagram
842,"2023-10-28 00:00:00",Birmingham,Google Ads
843,"2023-07-25 00:00:00",Birmingham,Instagram
844,"2022-08-04 00:00:00",London,Google Ads
845,"2024-03-26 00:00:00",Leeds,Instagram
846,"2022-05-02 00:00:00",London,Instagram
847,"2022-12-08 00:00:00",Birmingham,Referral
848,"2022-12-10 00:00:00",Leeds,Instagram
849,"2023-01-30 00:00:00",Manchester,Referral
850,"2023-05-07 00:00:00",London,Organic
851,"2022-08-18 00:00:00",Leeds,Organic
852,"2022-01-08 00:00:00",London,Instagram
853,"2023-12-16 00:00:00",Birmingham,Instagram
854,"2023-06-11 00:00:00",Manchester,Instagram
855,"2022-11-18 00:00:00",Manchester,Instagram
856,"2022-08-28 00:00:00",Leeds,Organic
857,"2022-07-05 00:00:00",Manchester,Google Ads
858,"2023-03-12 00:00:00",Leeds,Google Ads
859,"2024-07-13 00:00:00",Birmingham,Google Ads
860,"2023-08-13 00:00:00",Manchester,Organic
861,"2022-07-15 00:00:00",London,Instagram
862,"2023-11-01 00:00:00",Leeds,Google Ads
863,"2022-01-07 00:00:00",Leeds,Instagram
864,"2023-08-12 00:00:00",London,Organic
865,"2023-09-01 00:00:00",London,Referral
866,"2024-05-15 00:00:00",Leeds,Google Ads
867,"2022-02-21 00:00:00",Birmingham,Referral
868,"2022-03-12 00:00:00",Manchester,Referral
869,"2024-02-18 00:00:00",Leeds,Organic
870,"2023-07-24 00:00:00",London,Referral
871,"2022-05-02 00:00:00",Leeds,Google Ads
872,"2022-06-27 00:00:00",London,Google Ads
873,"2024-02-07 00:00:00",Birmingham,Google Ads
874,"2024-10-30 00:00:00",London,Organic
875,"2023-10-17 00:00:00",Leeds,Instagram
876,"2023-01-20 00:00:00",Manchester,Google Ads
877,"2022-09-02 00:00:00",London,Organic
878,"2024-08-08 00:00:00",Manchester,Google Ads
879,"2023-11-23 00:00:00",Leeds,Organic
880,"2024-12-16 00:00:00",London,Instagram
881,"2024-01-22 00:00:00",London,Referral
882,"2023-01-14 00:00:00",Birmingham,Instagram
883,"2023-05-31 00:00:00",Manchester,Instagram
884,"2023-08-15 00:00:00",Leeds,Instagram
885,"2022-01-01 00:00:00",Manchester,Google Ads
886,"2023-06-13 00:00:00",Birmingham,Instagram
887,"2023-11-22 00:00:00",Manchester,Referral
888,"2023-04-13 00:00:00",Leeds,Google Ads
889,"2023-06-04 00:00:00",Birmingham,Instagram
890,"2022-05-19 00:00:00",Birmingham,Referral
891,"2022-09-21 00:00:00",Leeds,Google Ads
892,"2024-06-26 00:00:00",Leeds,Google Ads
893,"2024-10-20 00:00:00",London,Organic
894,"2024-02-11 00:00:00",Leeds,Referral
895,"2023-05-10 00:00:00",Manchester,Google Ads
896,"2022-01-06 00:00:00",Manchester,Google Ads
897,"2023-12-24 00:00:00",Leeds,Google Ads
898,"2023-09-05 00:00:00",Leeds,Referral
899,"2024-07-11 00:00:00",London,Organic
900,"2022-03-26 00:00:00",Leeds,Organic
901,"2024-06-30 00:00:00",Manchester,Organic
902,"2023-12-02 00:00:00",Birmingham,Referral
903,"2023-03-31 00:00:00",Manchester,Google Ads
904,"2024-05-23 00:00:00",Manchester,Organic
905,"2024-04-02 00:00:00",London,Instagram
906,"2022-12-04 00:00:00",Leeds,Instagram
907,"2024-09-14 00:00:00",London,Instagram
908,"2022-10-02 00:00:00",Birmingham,Google Ads
909,"2024-08-12 00:00:00",Manchester,Referral
910,"2023-11-21 00:00:00",London,Instagram
911,"2024-04-21 00:00:00",London,Google Ads
912,"2023-11-28 00:00:00",Manchester,Instagram
913,"2024-04-30 00:00:00",Birmingham,Organic
914,"2022-02-02 00:00:00",Leeds,Organic
915,"2024-02-28 00:00:00",London,Instagram
916,"2024-03-25 00:00:00",London,Referral
917,"2024-01-31 00:00:00",Birmingham,Google Ads
918,"2024-07-17 00:00:00",Leeds,Instagram
919,"2024-06-06 00:00:00",Manchester,Referral
920,"2022-02-26 00:00:00",London,Organic
921,"2022-09-07 00:00:00",Leeds,Google Ads
922,"2022-02-22 00:00:00",Birmingham,Organic
923,"2023-03-04 00:00:00",Leeds,Referral
924,"2024-11-26 00:00:00",Birmingham,Organic
925,"2022-11-05 00:00:00",Leeds,Referral
926,"2024-01-04 00:00:00",Birmingham,Instagram
927,"2023-10-01 00:00:00",London,Instagram
928,"2023-11-13 00:00:00",Manchester,Google Ads
929,"2024-04-04 00:00:00",Manchester,Google Ads
930,"2022-04-25 00:00:00",London,Instagram
931,"2024-08-20 00:00:00",Manchester,Google Ads
932,"2024-05-23 00:00:00",Birmingham,Google Ads
933,"2023-05-26 00:00:00",London,Organic
934,"2023-05-07 00:00:00",Leeds,Google Ads
935,"2024-11-06 00:00:00",London,Organic
936,"2022-05-01 00:00:00",London,Google Ads
937,"2024-04-25 00:00:00",Birmingham,Referral
938,"2024-12-21 00:00:00",Birmingham,Organic
939,"2023-03-24 00:00:00",Manchester,Organic
940,"2023-05-19 00:00:00",Leeds,Instagram
941,"2022-07-30 00:00:00",London,Organic
942,"2022-06-14 00:00:00",Manchester,Google Ads
943,"2023-03-15 00:00:00",Manchester,Referral
944,"2024-10-28 00:00:00",Birmingham,Organic
945,"2024-10-08 00:00:00",Birmingham,Referral
946,"2023-01-13 00:00:00",Birmingham,Organic
947,"2024-08-01 00:00:00",Manchester,Referral
948,"2022-05-03 00:00:00",Leeds,Instagram
949,"2023-09-06 00:00:00",Leeds,Instagram
950,"2023-02-09 00:00:00",Leeds,Google Ads
951,"2023-09-10 00:00:00",Manchester,Organic
952,"2022-08-16 00:00:00",Birmingham,Organic
953,"2023-03-24 00:00:00",Leeds,Organic
954,"2024-04-20 00:00:00",Leeds,Instagram
955,"2023-05-22 00:00:00",London,Referral
956,"2023-11-06 00:00:00",Birmingham,Referral
957,"2024-03-10 00:00:00",Birmingham,Google Ads
958,"2022-09-26 00:00:00",Manchester,Instagram
959,"2024-05-30 00:00:00",Leeds,Instagram
960,"2024-09-02 00:00:00",London,Referral
961,"2022-05-30 00:00:00",Leeds,Instagram
962,"2022-06-30 00:00:00",Manchester,Google Ads
963,"2023-10-03 00:00:00",London,Instagram
964,"2024-08-23 00:00:00",Leeds,Referral
965,"2022-08-12 00:00:00",Manchester,Instagram
966,"2024-05-09 00:00:00",Manchester,Instagram
967,"2022-05-05 00:00:00",London,Instagram
968,"2024-07-20 00:00:00",Birmingham,Organic
969,"2022-03-12 00:00:00",Leeds,Referral
970,"2024-10-19 00:00:00",London,Google Ads
971,"2024-01-22 00:00:00",London,Organic
972,"2023-06-07 00:00:00",London,Google Ads
973,"2024-05-10 00:00:00",Manchester,Referral
974,"2022-03-21 00:00:00",Leeds,Referral
975,"2023-06-24 00:00:00",Leeds,Referral
976,"2023-06-17 00:00:00",Birmingham,Google Ads
977,"2022-04-24 00:00:00",Leeds,Referral
978,"2023-07-09 00:00:00",London,Referral
979,"2024-12-31 00:00:00",Manchester,Organic
980,"2022-06-04 00:00:00",Manchester,Organic
981,"2022-07-29 00:00:00",Manchester,Organic
982,"2022-03-24 00:00:00",Birmingham,Google Ads
983,"2024-11-24 00:00:00",Leeds,Instagram
984,"2022-12-12 00:00:00",Leeds,Google Ads
985,"2022-07-17 00:00:00",Birmingham,Instagram
986,"2024-03-07 00:00:00",London,Instagram
987,"2024-04-18 00:00:00",Birmingham,Referral
988,"2024-08-08 00:00:00",Birmingham,Instagram
989,"2024-11-29 00:00:00",Birmingham,Organic
990,"2023-03-17 00:00:00",Birmingham,Referral
991,"2022-03-04 00:00:00",Leeds,Instagram
992,"2022-08-09 00:00:00",Manchester,Instagram
993,"2024-03-09 00:00:00",Birmingham,Google Ads
994,"2024-06-24 00:00:00",Birmingham,Referral
995,"2022-07-15 00:00:00",Leeds,Instagram
996,"2022-05-11 00:00:00",London,Referral
997,"2022-07-12 00:00:00",Leeds,Instagram
998,"2024-06-13 00:00:00",Leeds,Organic
999,"2024-05-30 00:00:00",Birmingham,Google Ads
1000,"2024-11-21 00:00:00",Birmingham,Instagram
